Manager,Pick Number,Player_Team,Player,Team,Position,Amount,Cap_Percent,Year,Consensus_AAV_Cap_Percent
Bryan,2,Justin Jefferson Min,Justin Jefferson,Min, WR,46,0.23,2025,0.24
Bryan,10,Josh Allen Buf,Josh Allen,Buf, QB,50,0.25,2025,0.28
Bryan,27,Brian Thomas Jr. Jax,Brian Thomas Jr.,Jax, WR,36,0.18,2025,0.05
Bryan,40,Kyren Williams LAR,Kyren Williams,LAR, RB,19,0.10,2025,0.20
Bryan,55,Chuba Hubbard Car,Chuba Hubbard,Car, RB,12,0.06,2025,0.03
Bryan,57,Tony Pollard Ten,Tony Pollard,Ten, RB,9,0.05,2025,0.04
Bryan,79,Jaylen Waddle Mia,Jaylen Waddle,Mia, WR,4,0.02,2025,0.08
Bryan,84,Stefon Diggs NE,Stefon Diggs,NE, WR,5,0.03,2025,0.06
Bryan,93,Tua Tagovailoa Mia,Tua Tagovailoa,Mia, QB,7,0.04,2025,0.10
Bryan,107,Tucker Kraft GB,Tucker Kraft,GB, TE,1,0.01,2025,0.01
Bryan,117,Geno Smith LV,Geno Smith,LV, QB,5,0.03,2025,0.05
Bryan,142,Jerome Ford Cle,Jerome Ford,Cle, RB,1,0.01,2025,0.03
Bryan,154,Trey Benson Ari,Trey Benson,Ari, RB,1,0.01,2025,0.02
Bryan,159,Brandon Aiyuk SF,Brandon Aiyuk,SF, WR,1,0.01,2025,0.10
Bryan,164,Dallas Goedert Phi,Dallas Goedert,Phi, TE,1,0.01,2025,0.03
Bryan,3,Jalen Hurts Phi,Jalen Hurts,Phi, QB,46,0.23,2024,0.24
Bryan,12,A.J. Brown Phi,A.J. Brown,Phi, WR,45,0.23,2024,0.16
Bryan,24,Nico Collins Hou,Nico Collins,Hou, WR,29,0.15,2024,0.10
Bryan,33,Rashee Rice KC,Rashee Rice,KC, WR,15,0.08,2024,0.05
Bryan,63,David Montgomery Det,David Montgomery,Det, RB,7,0.04,2024,0.07
Bryan,65,Zay Flowers Bal,Zay Flowers,Bal, WR,4,0.02,2024,0.06
Bryan,73,Raheem Mostert LV,Raheem Mostert,LV, RB,8,0.04,2024,0.05
Bryan,74,James Conner Ari,James Conner,Ari, RB,7,0.04,2024,0.08
Bryan,82,Kyle Pitts Atl,Kyle Pitts,Atl, TE,4,0.02,2024,0.06
Bryan,94,Zack Moss Cin,Zack Moss,Cin, RB,2,0.01,2024,0.05
Bryan,97,Justin Herbert LAC,Justin Herbert,LAC, QB,9,0.05,2024,0.13
Bryan,99,Jayden Reed GB,Jayden Reed,GB, WR,2,0.01,2024,0.04
Bryan,103,Trevor Lawrence Jax,Trevor Lawrence,Jax, QB,9,0.05,2024,0.08
Bryan,104,Jared Goff Det,Jared Goff,Det, QB,9,0.05,2024,0.08
Bryan,113,Rico Dowdle Car,Rico Dowdle,Car, RB,1,0.01,2024,0.02
Bryan,11,Tyreek Hill Mia,Tyreek Hill,Mia, WR,51,0.26,2023,0.18
Bryan,19,Nick Chubb Cle,Nick Chubb,Cle, RB,46,0.23,2023,0.19
Bryan,22,CeeDee Lamb Dal,CeeDee Lamb,Dal, WR,38,0.19,2023,0.14
Bryan,42,Dameon Pierce Hou,Dameon Pierce,Hou, RB,20,0.10,2023,0.08
Bryan,50,Diontae Johnson Car,Diontae Johnson,Car, WR,8,0.04,2023,0.04
Bryan,51,Breece Hall NYJ,Breece Hall,NYJ, RB,17,0.09,2023,0.11
Bryan,53,Kenny Pickett Phi,Kenny Pickett,Phi, QB,5,0.03,2023,0.03
Bryan,68,Mike Evans TB,Mike Evans,TB, WR,2,0.01,2023,0.06
Bryan,87,David Montgomery Det,David Montgomery,Det, RB,3,0.02,2023,0.06
Bryan,93,Ryan Tannehill Ten,Ryan Tannehill,Ten, QB,1,0.01,2023,0.02
Bryan,103,Mac Jones Jax,Mac Jones,Jax, QB,1,0.01,2023,0.02
Bryan,106,Gabe Davis Jax,Gabe Davis,Jax, WR,2,0.01,2023,0.02
Bryan,121,Sam Howell Sea,Sam Howell,Sea, QB,2,0.01,2023,0.02
Bryan,147,Greg Dulcich Den,Greg Dulcich,Den, TE,1,0.01,2023,0.01
Bryan,155,Dalton Kincaid Buf,Dalton Kincaid,Buf, TE,1,0.01,2023,0.01
Bryan,13,Javonte Williams Den,Javonte Williams,Den, RB,33,0.17,2022,0.12
Bryan,25,Joe Mixon Cin,Joe Mixon,Cin, RB,52,0.26,2022,0.23
Bryan,34,Russell Wilson Den,Russell Wilson,Den, QB,28,0.14,2022,0.09
Bryan,38,Terry McLaurin Wsh,Terry McLaurin,Wsh, WR,11,0.06,2022,0.08
Bryan,42,Trey Lance SF,Trey Lance,SF, QB,14,0.07,2022,0.08
Bryan,45,D.K. Metcalf Sea,D.K. Metcalf,Sea, WR,7,0.04,2022,0.09
Bryan,48,Jaylen Waddle Mia,Jaylen Waddle,Mia, WR,5,0.03,2022,0.08
Bryan,51,Kyler Murray Ari,Kyler Murray,Ari, QB,33,0.17,2022,0.18
Bryan,57,Marquise Brown Ari,Marquise Brown,Ari, WR,5,0.03,2022,0.06
Bryan,73,Chris Godwin TB,Chris Godwin,TB, WR,3,0.02,2022,0.07
Bryan,84,Drake London Atl,Drake London,Atl, WR,3,0.02,2022,0.03
Bryan,130,Cole Kmet Chi,Cole Kmet,Chi, TE,1,0.01,2022,0.02
Bryan,139,Kenneth Gainwell Phi,Kenneth Gainwell,Phi, RB,1,0.01,2022,0.01
Bryan,147,Darrell Henderson Jr. FA,Darrell Henderson Jr.,FA, RB,1,0.01,2022,0.01
Bryan,155,David Njoku Cle,David Njoku,Cle, TE,1,0.01,2022,0.01
Bryan,21,Aaron Jones GB,Aaron Jones,GB, RB,45,0.23,2021,0.20
Bryan,26,Jonathan Taylor Ind,Jonathan Taylor,Ind, RB,30,0.15,2021,0.21
Bryan,41,Keenan Allen LAC,Keenan Allen,LAC, WR,24,0.12,2021,0.08
Bryan,47,Brandon Aiyuk SF,Brandon Aiyuk,SF, WR,13,0.07,2021,0.04
Bryan,50,CeeDee Lamb Dal,CeeDee Lamb,Dal, WR,17,0.09,2021,0.09
Bryan,51,Aaron Rodgers GB,Aaron Rodgers,GB, QB,35,0.18,2021,0.12
Bryan,57,Chase Edmonds Ari,Chase Edmonds,Ari, RB,7,0.04,2021,0.04
Bryan,93,A.J. Dillon GB,A.J. Dillon,GB, RB,1,0.01,2021,0.01
Bryan,98,Kirk Cousins Min,Kirk Cousins,Min, QB,3,0.02,2021,0.06
Bryan,101,Trey Lance SF,Trey Lance,SF, QB,2,0.01,2021,0.03
Bryan,102,Trey Sermon SF,Trey Sermon,SF, RB,5,0.03,2021,0.02
Bryan,103,William Fuller V Mia,William Fuller V,Mia, WR,1,0.01,2021,0.02
Bryan,123,Dallas Goedert Phi,Dallas Goedert,Phi, TE,1,0.01,2021,0.03
Bryan,132,Antonio Brown FA,Antonio Brown,FA, WR,6,0.03,2021,0.03
Bryan,146,Mike Gesicki Mia,Mike Gesicki,Mia, TE,2,0.01,2021,0.01
Christian,8,CeeDee Lamb Dal,CeeDee Lamb,Dal, WR,45,0.23,2025,0.24
Christian,18,Joe Burrow Cin,Joe Burrow,Cin, QB,47,0.24,2025,0.17
Christian,30,Omarion Hampton LAC,Omarion Hampton,LAC, RB,23,0.12,2025,0.12
Christian,31,Jaxon Smith-Njigba Sea,Jaxon Smith-Njigba,Sea, WR,29,0.15,2025,0.04
Christian,42,TreVeyon Henderson NE,TreVeyon Henderson,NE, RB,14,0.07,2025,0.07
Christian,53,DeVonta Smith Phi,DeVonta Smith,Phi, WR,4,0.02,2025,0.08
Christian,59,J.J. McCarthy Min,J.J. McCarthy,Min, QB,12,0.06,2025,0.06
Christian,65,D.K. Metcalf Pit,D.K. Metcalf,Pit, WR,6,0.03,2025,0.09
Christian,86,Jameson Williams Det,Jameson Williams,Det, WR,2,0.01,2025,0.01
Christian,88,Austin Ekeler Wsh,Austin Ekeler,Wsh, RB,1,0.01,2025,0.02
Christian,94,Travis Hunter Jax,Travis Hunter,Jax, WR,2,0.01,2025,0.01
Christian,108,Zach Ertz Wsh,Zach Ertz,Wsh, TE,1,0.01,2025,0.01
Christian,109,Jordan Mason Min,Jordan Mason,Min, RB,2,0.01,2025,0.01
Christian,116,Emeka Egbuka TB,Emeka Egbuka,TB, WR,4,0.02,2025,0.02
Christian,118,Bryce Young Car,Bryce Young,Car, QB,3,0.02,2025,0.02
Christian,6,Bijan Robinson Atl,Bijan Robinson,Atl, RB,50,0.25,2024,0.28
Christian,7,CeeDee Lamb Dal,CeeDee Lamb,Dal, WR,46,0.23,2024,0.23
Christian,37,Kyler Murray Ari,Kyler Murray,Ari, QB,31,0.16,2024,0.10
Christian,50,DeVonta Smith Phi,DeVonta Smith,Phi, WR,11,0.06,2024,0.07
Christian,56,D'Andre Swift Chi,D'Andre Swift,Chi, RB,8,0.04,2024,0.07
Christian,57,Jaylen Waddle Mia,Jaylen Waddle,Mia, WR,9,0.05,2024,0.08
Christian,66,Calvin Ridley Ten,Calvin Ridley,Ten, WR,4,0.02,2024,0.04
Christian,67,Jayden Daniels Wsh,Jayden Daniels,Wsh, QB,16,0.08,2024,0.06
Christian,72,Amari Cooper Buf,Amari Cooper,Buf, WR,2,0.01,2024,0.05
Christian,75,Rome Odunze Chi,Rome Odunze,Chi, WR,2,0.01,2024,0.03
Christian,76,Evan Engram Den,Evan Engram,Den, TE,5,0.03,2024,0.05
Christian,77,Aaron Jones Min,Aaron Jones,Min, RB,8,0.04,2024,0.06
Christian,106,Najee Harris LAC,Najee Harris,LAC, RB,2,0.01,2024,0.07
Christian,137,Will Levis Ten,Will Levis,Ten, QB,1,0.01,2024,0.03
Christian,149,Sam Darnold Sea,Sam Darnold,Sea, QB,2,0.01,2024,0.01
Christian,14,Josh Allen Buf,Josh Allen,Buf, QB,44,0.22,2023,0.25
Christian,18,A.J. Brown Phi,A.J. Brown,Phi, WR,40,0.20,2023,0.12
Christian,23,DeVonta Smith Phi,DeVonta Smith,Phi, WR,22,0.11,2023,0.08
Christian,32,Jahmyr Gibbs Det,Jahmyr Gibbs,Det, RB,23,0.12,2023,0.10
Christian,36,Chris Olave NO,Chris Olave,NO, WR,29,0.15,2023,0.09
Christian,65,Darren Waller NYG,Darren Waller,NYG, TE,11,0.06,2023,0.05
Christian,67,Kenneth Walker III Sea,Kenneth Walker III,Sea, RB,12,0.06,2023,0.09
Christian,71,Jaxon Smith-Njigba Sea,Jaxon Smith-Njigba,Sea, WR,3,0.02,2023,0.03
Christian,73,Jordan Love GB,Jordan Love,GB, QB,2,0.01,2023,0.03
Christian,81,Jerry Jeudy Cle,Jerry Jeudy,Cle, WR,3,0.02,2023,0.04
Christian,91,Anthony Richardson Ind,Anthony Richardson,Ind, QB,3,0.02,2023,0.06
Christian,92,Brian Robinson Jr. Wsh,Brian Robinson Jr.,Wsh, RB,3,0.02,2023,0.03
Christian,119,Quentin Johnston LAC,Quentin Johnston,LAC, WR,1,0.01,2023,0.02
Christian,128,Jamaal Williams NO,Jamaal Williams,NO, RB,1,0.01,2023,0.02
Christian,146,Jaylen Warren Pit,Jaylen Warren,Pit, RB,1,0.01,2023,0.02
Christian,2,Jonathan Taylor Ind,Jonathan Taylor,Ind, RB,60,0.30,2022,0.31
Christian,4,Josh Allen Buf,Josh Allen,Buf, QB,55,0.28,2022,0.24
Christian,12,Jahan Dotson Wsh,Jahan Dotson,Wsh, WR,1,0.01,2022,0.01
Christian,37,Keenan Allen LAC,Keenan Allen,LAC, WR,14,0.07,2022,0.10
Christian,46,Diontae Johnson Pit,Diontae Johnson,Pit, WR,9,0.05,2022,0.08
Christian,52,Travis Etienne Jr. Jax,Travis Etienne Jr.,Jax, RB,23,0.12,2022,0.12
Christian,56,David Montgomery Det,David Montgomery,Det, RB,12,0.06,2022,0.13
Christian,62,George Kittle SF,George Kittle,SF, TE,9,0.05,2022,0.08
Christian,90,Tua Tagovailoa Mia,Tua Tagovailoa,Mia, QB,4,0.02,2022,0.06
Christian,97,JuJu Smith-Schuster NE,JuJu Smith-Schuster,NE, WR,4,0.02,2022,0.04
Christian,121,Tony Pollard Dal,Tony Pollard,Dal, RB,2,0.01,2022,0.06
Christian,122,George Pickens Pit,George Pickens,Pit, WR,1,0.01,2022,0.02
Christian,129,Daniel Jones NYG,Daniel Jones,NYG, QB,2,0.01,2022,0.02
Christian,140,James Robinson NE,James Robinson,NE, RB,1,0.01,2022,0.03
Christian,148,Robert Woods FA,Robert Woods,FA, WR,1,0.01,2022,0.03
Christian,1,Dalvin Cook Min,Dalvin Cook,Min, RB,44,0.22,2021,0.32
Christian,22,Joe Mixon Cin,Joe Mixon,Cin, RB,29,0.15,2021,0.14
Christian,23,Darren Waller LV,Darren Waller,LV, TE,22,0.11,2021,0.10
Christian,25,Matthew Stafford LAR,Matthew Stafford,LAR, QB,25,0.13,2021,0.08
Christian,29,David Montgomery Chi,David Montgomery,Chi, RB,18,0.09,2021,0.09
Christian,32,Mike Evans TB,Mike Evans,TB, WR,18,0.09,2021,0.07
Christian,52,Robert Woods LAR,Robert Woods,LAR, WR,21,0.11,2021,0.07
Christian,62,Ryan Tannehill Ten,Ryan Tannehill,Ten, QB,14,0.07,2021,0.09
Christian,92,Laviska Shenault Jr. Jax,Laviska Shenault Jr.,Jax, WR,1,0.01,2021,0.01
Christian,131,Deshaun Watson Hou,Deshaun Watson,Hou, QB,1,0.01,2021,0.01
Christian,147,Mecole Hardman KC,Mecole Hardman,KC, WR,1,0.01,2021,0.01
Christian,160,DeVante Parker Mia,DeVante Parker,Mia, WR,1,0.01,2021,0.01
Christian,165,Alexander Mattison Min,Alexander Mattison,Min, RB,1,0.01,2021,0.01
Christian,168,Rashod Bateman Bal,Rashod Bateman,Bal, WR,1,0.01,2021,0.01
Christian,170,Irv Smith Jr. Min,Irv Smith Jr.,Min, TE,1,0.01,2021,0.01
Dan,5,Bijan Robinson Atl,Bijan Robinson,Atl, RB,49,0.25,2025,0.31
Dan,17,Lamar Jackson Bal,Lamar Jackson,Bal, QB,47,0.24,2025,0.23
Dan,25,Ashton Jeanty LV,Ashton Jeanty,LV, RB,36,0.18,2025,0.18
Dan,35,Ladd McConkey LAC,Ladd McConkey,LAC, WR,28,0.14,2025,0.05
Dan,47,Tetairoa McMillan Car,Tetairoa McMillan,Car, WR,10,0.05,2025,0.05
Dan,63,T.J. Hockenson Min,T.J. Hockenson,Min, TE,8,0.04,2025,0.03
Dan,87,Trevor Lawrence Jax,Trevor Lawrence,Jax, QB,9,0.05,2025,0.06
Dan,114,J.K. Dobbins Den,J.K. Dobbins,Den, RB,1,0.01,2025,0.01
Dan,119,Jauan Jennings SF,Jauan Jennings,SF, WR,2,0.01,2025,0.01
Dan,123,Nick Chubb Hou,Nick Chubb,Hou, RB,1,0.01,2025,0.01
Dan,145,Rhamondre Stevenson NE,Rhamondre Stevenson,NE, RB,1,0.01,2025,0.01
Dan,158,Jordan Addison Min,Jordan Addison,Min, WR,2,0.01,2025,0.03
Dan,162,Russell Wilson NYG,Russell Wilson,NYG, QB,1,0.01,2025,0.02
Dan,166,Hunter Henry NE,Hunter Henry,NE, TE,1,0.01,2025,0.01
Dan,169,Jayden Reed GB,Jayden Reed,GB, WR,1,0.01,2025,0.05
Dan,1,Christian McCaffrey SF,Christian McCaffrey,SF, RB,60,0.30,2024,0.32
Dan,17,Jahmyr Gibbs Det,Jahmyr Gibbs,Det, RB,28,0.14,2024,0.19
Dan,25,Michael Pittman Jr. Ind,Michael Pittman Jr.,Ind, WR,16,0.08,2024,0.09
Dan,39,Sam LaPorta Det,Sam LaPorta,Det, TE,22,0.11,2024,0.12
Dan,42,James Cook Buf,James Cook,Buf, RB,18,0.09,2024,0.12
Dan,52,Deebo Samuel Sr. Wsh,Deebo Samuel Sr.,Wsh, WR,10,0.05,2024,0.05
Dan,58,Anthony Richardson Ind,Anthony Richardson,Ind, QB,21,0.11,2024,0.16
Dan,81,Diontae Johnson Bal,Diontae Johnson,Bal, WR,1,0.01,2024,0.03
Dan,88,Tua Tagovailoa Mia,Tua Tagovailoa,Mia, QB,10,0.05,2024,0.09
Dan,102,Keon Coleman Buf,Keon Coleman,Buf, WR,4,0.02,2024,0.02
Dan,116,Ezekiel Elliott FA,Ezekiel Elliott,FA, RB,2,0.01,2024,0.02
Dan,121,Ladd McConkey LAC,Ladd McConkey,LAC, WR,1,0.01,2024,0.03
Dan,150,Russell Wilson Pit,Russell Wilson,Pit, QB,2,0.01,2024,0.02
Dan,156,Jerome Ford Cle,Jerome Ford,Cle, RB,1,0.01,2024,0.03
Dan,165,Taysom Hill NO,Taysom Hill,NO, TE,1,0.01,2024,0.01
Dan,6,Christian McCaffrey SF,Christian McCaffrey,SF, RB,56,0.28,2023,0.31
Dan,12,Davante Adams LV,Davante Adams,LV, WR,37,0.19,2023,0.15
Dan,15,Garrett Wilson NYJ,Garrett Wilson,NYJ, WR,38,0.19,2023,0.12
Dan,26,Joe Mixon Hou,Joe Mixon,Hou, RB,29,0.15,2023,0.14
Dan,60,Dak Prescott Dal,Dak Prescott,Dal, QB,11,0.06,2023,0.11
Dan,74,James Cook Buf,James Cook,Buf, RB,5,0.03,2023,0.04
Dan,80,Kyle Pitts Atl,Kyle Pitts,Atl, TE,11,0.06,2023,0.05
Dan,107,Derek Carr NO,Derek Carr,NO, QB,3,0.02,2023,0.02
Dan,123,David Njoku Cle,David Njoku,Cle, TE,2,0.01,2023,0.03
Dan,134,Jakobi Meyers LV,Jakobi Meyers,LV, WR,1,0.01,2023,0.01
Dan,143,Raheem Mostert Mia,Raheem Mostert,Mia, RB,1,0.01,2023,0.02
Dan,151,Jimmy Garoppolo LAR,Jimmy Garoppolo,LAR, QB,1,0.01,2023,0.01
Dan,158,Nico Collins Hou,Nico Collins,Hou, WR,1,0.01,2023,0.01
Dan,167,Ezekiel Elliott NE,Ezekiel Elliott,NE, RB,1,0.01,2023,0.01
Dan,3,Christian McCaffrey SF,Christian McCaffrey,SF, RB,52,0.26,2022,0.30
Dan,5,Austin Ekeler LAC,Austin Ekeler,LAC, RB,45,0.23,2022,0.28
Dan,7,Justin Jefferson Min,Justin Jefferson,Min, WR,42,0.21,2022,0.20
Dan,53,Dak Prescott Dal,Dak Prescott,Dal, QB,26,0.13,2022,0.16
Dan,59,Amon-Ra St. Brown Det,Amon-Ra St. Brown,Det, WR,11,0.06,2022,0.06
Dan,78,Elijah Moore NYJ,Elijah Moore,NYJ, WR,4,0.02,2022,0.03
Dan,85,Antonio Gibson Wsh,Antonio Gibson,Wsh, RB,8,0.04,2022,0.04
Dan,104,Dawson Knox Buf,Dawson Knox,Buf, TE,2,0.01,2022,0.03
Dan,105,Amari Cooper Cle,Amari Cooper,Cle, WR,1,0.01,2022,0.07
Dan,110,Mac Jones NE,Mac Jones,NE, QB,2,0.01,2022,0.04
Dan,125,Kadarius Toney KC,Kadarius Toney,KC, WR,1,0.01,2022,0.02
Dan,150,Marcus Mariota Phi,Marcus Mariota,Phi, QB,1,0.01,2022,0.02
Dan,157,Jakobi Meyers LV,Jakobi Meyers,LV, WR,1,0.01,2022,0.02
Dan,161,Russell Gage TB,Russell Gage,TB, WR,1,0.01,2022,0.02
Dan,165,Alexander Mattison Min,Alexander Mattison,Min, RB,1,0.01,2022,0.01
Dan,3,Patrick Mahomes KC,Patrick Mahomes,KC, QB,48,0.24,2021,0.23
Dan,4,Alvin Kamara NO,Alvin Kamara,NO, RB,44,0.22,2021,0.29
Dan,5,Davante Adams GB,Davante Adams,GB, WR,35,0.18,2021,0.18
Dan,43,D'Andre Swift Det,D'Andre Swift,Det, RB,11,0.06,2021,0.11
Dan,61,Kenny Golladay NYG,Kenny Golladay,NYG, WR,6,0.03,2021,0.04
Dan,63,T.J. Hockenson Det,T.J. Hockenson,Det, TE,9,0.05,2021,0.05
Dan,66,Robby Anderson Car,Robby Anderson,Car, WR,1,0.01,2021,0.01
Dan,70,Diontae Johnson Pit,Diontae Johnson,Pit, WR,10,0.05,2021,0.06
Dan,79,Kareem Hunt Cle,Kareem Hunt,Cle, RB,8,0.04,2021,0.06
Dan,106,Corey Davis NYJ,Corey Davis,NYJ, WR,6,0.03,2021,0.02
Dan,111,Michael Carter NYJ,Michael Carter,NYJ, RB,2,0.01,2021,0.02
Dan,116,Jonnu Smith NE,Jonnu Smith,NE, TE,1,0.01,2021,0.02
Dan,118,Ryan Fitzpatrick Wsh,Ryan Fitzpatrick,Wsh, QB,4,0.02,2021,0.04
Dan,125,Michael Gallup Dal,Michael Gallup,Dal, WR,1,0.01,2021,0.01
Dan,142,Devin Singletary Buf,Devin Singletary,Buf, RB,1,0.01,2021,0.03
Jack,1,Ja'Marr Chase Cin,Ja'Marr Chase,Cin, WR,55,0.28,2025,0.22
Jack,14,A.J. Brown Phi,A.J. Brown,Phi, WR,30,0.15,2025,0.18
Jack,23,Derrick Henry Bal,Derrick Henry,Bal, RB,34,0.17,2025,0.17
Jack,24,Trey McBride Ari,Trey McBride,Ari, TE,19,0.10,2025,0.11
Jack,26,Patrick Mahomes KC,Patrick Mahomes,KC, QB,32,0.16,2025,0.26
Jack,66,DJ Moore Chi,DJ Moore,Chi, WR,2,0.01,2025,0.08
Jack,73,RJ Harvey Den,RJ Harvey,Den, RB,11,0.06,2025,0.06
Jack,105,Matthew Stafford LAR,Matthew Stafford,LAR, QB,7,0.04,2025,0.06
Jack,121,Chris Godwin Jr. TB,Chris Godwin Jr.,TB, WR,2,0.01,2025,0.01
Jack,129,Javonte Williams Dal,Javonte Williams,Dal, RB,1,0.01,2025,0.03
Jack,150,Rachaad White TB,Rachaad White,TB, RB,1,0.01,2025,0.09
Jack,156,Rashid Shaheed Sea,Rashid Shaheed,Sea, WR,1,0.01,2025,0.01
Jack,165,Jayden Higgins Hou,Jayden Higgins,Hou, WR,1,0.01,2025,0.01
Jack,168,Kirk Cousins Atl,Kirk Cousins,Atl, QB,1,0.01,2025,0.07
Jack,170,Keenan Allen LAC,Keenan Allen,LAC, WR,1,0.01,2025,0.03
Jack,4,Breece Hall NYJ,Breece Hall,NYJ, RB,53,0.27,2024,0.29
Jack,16,Lamar Jackson Bal,Lamar Jackson,Bal, QB,48,0.24,2024,0.21
Jack,20,Chris Olave NO,Chris Olave,NO, WR,11,0.06,2024,0.11
Jack,23,Mark Andrews Bal,Mark Andrews,Bal, TE,21,0.11,2024,0.08
Jack,34,Travis Kelce KC,Travis Kelce,KC, TE,18,0.09,2024,0.10
Jack,35,D.K. Metcalf Pit,D.K. Metcalf,Pit, WR,11,0.06,2024,0.08
Jack,36,Rachaad White TB,Rachaad White,TB, RB,17,0.09,2024,0.11
Jack,51,George Pickens Pit,George Pickens,Pit, WR,3,0.02,2024,0.06
Jack,101,Devin Singletary NYG,Devin Singletary,NYG, RB,2,0.01,2024,0.04
Jack,114,Geno Smith LV,Geno Smith,LV, QB,3,0.02,2024,0.04
Jack,124,Brian Thomas Jr. Jax,Brian Thomas Jr.,Jax, WR,1,0.01,2024,0.02
Jack,128,Jakobi Meyers LV,Jakobi Meyers,LV, WR,2,0.01,2024,0.02
Jack,131,Mike Williams LAC,Mike Williams,LAC, WR,2,0.01,2024,0.01
Jack,134,Daniel Jones Ind,Daniel Jones,Ind, QB,1,0.01,2024,0.02
Jack,151,J.K. Dobbins LAC,J.K. Dobbins,LAC, RB,1,0.01,2024,0.01
Jack,4,Justin Jefferson Min,Justin Jefferson,Min, WR,52,0.26,2023,0.23
Jack,8,Stefon Diggs Buf,Stefon Diggs,Buf, WR,41,0.21,2023,0.16
Jack,28,Joe Burrow Cin,Joe Burrow,Cin, QB,38,0.19,2023,0.19
Jack,29,Tee Higgins Cin,Tee Higgins,Cin, WR,19,0.10,2023,0.08
Jack,31,Najee Harris Pit,Najee Harris,Pit, RB,21,0.11,2023,0.11
Jack,57,Rachaad White TB,Rachaad White,TB, RB,14,0.07,2023,0.06
Jack,90,Brandin Cooks Dal,Brandin Cooks,Dal, WR,1,0.01,2023,0.01
Jack,99,Christian Kirk Jax,Christian Kirk,Jax, WR,2,0.01,2023,0.04
Jack,109,Matthew Stafford LAR,Matthew Stafford,LAR, QB,1,0.01,2023,0.05
Jack,110,Samaje Perine Den,Samaje Perine,Den, RB,2,0.01,2023,0.03
Jack,112,Evan Engram Jax,Evan Engram,Jax, TE,2,0.01,2023,0.04
Jack,122,A.J. Dillon GB,A.J. Dillon,GB, RB,2,0.01,2023,0.03
Jack,127,Dalton Schultz Hou,Dalton Schultz,Hou, TE,1,0.01,2023,0.02
Jack,136,Kyler Murray Ari,Kyler Murray,Ari, QB,1,0.01,2023,0.08
Jack,153,DJ Chark Jr. Car,DJ Chark Jr.,Car, WR,1,0.01,2023,0.01
Jack,6,Patrick Mahomes KC,Patrick Mahomes,KC, QB,44,0.22,2022,0.23
Jack,16,Leonard Fournette FA,Leonard Fournette,FA, RB,32,0.16,2022,0.16
Jack,23,Nick Chubb Cle,Nick Chubb,Cle, RB,40,0.20,2022,0.21
Jack,27,Mike Evans TB,Mike Evans,TB, WR,22,0.11,2022,0.11
Jack,39,Tee Higgins Cin,Tee Higgins,Cin, WR,16,0.08,2022,0.10
Jack,41,DJ Moore Chi,DJ Moore,Chi, WR,14,0.07,2022,0.06
Jack,44,Brandin Cooks Dal,Brandin Cooks,Dal, WR,8,0.04,2022,0.02
Jack,63,Derek Carr NO,Derek Carr,NO, QB,12,0.06,2022,0.07
Jack,102,Dameon Pierce Hou,Dameon Pierce,Hou, RB,4,0.02,2022,0.03
Jack,133,Melvin Gordon III FA,Melvin Gordon III,FA, RB,1,0.01,2022,0.01
Jack,141,Mike Gesicki NE,Mike Gesicki,NE, TE,1,0.01,2022,0.02
Jack,149,Zach Wilson NYJ,Zach Wilson,NYJ, QB,1,0.01,2022,0.01
Jack,164,Raheem Mostert Mia,Raheem Mostert,Mia, RB,1,0.01,2022,0.01
Jack,168,Jarvis Landry NO,Jarvis Landry,NO, WR,1,0.01,2022,0.01
Jack,170,Tyler Boyd Cin,Tyler Boyd,Cin, WR,1,0.01,2022,0.01
Jack,7,Kyler Murray Ari,Kyler Murray,Ari, QB,44,0.22,2021,0.16
Jack,28,Calvin Ridley Atl,Calvin Ridley,Atl, WR,31,0.16,2021,0.12
Jack,31,Chris Carson Sea,Chris Carson,Sea, RB,22,0.11,2021,0.09
Jack,38,Russell Wilson Sea,Russell Wilson,Sea, QB,36,0.18,2021,0.12
Jack,40,Justin Jefferson Min,Justin Jefferson,Min, WR,19,0.10,2021,0.11
Jack,48,James Robinson Jax,James Robinson,Jax, RB,21,0.11,2021,0.04
Jack,56,Tyler Lockett Sea,Tyler Lockett,Sea, WR,8,0.04,2021,0.05
Jack,78,Noah Fant Den,Noah Fant,Den, TE,1,0.01,2021,0.03
Jack,88,Darrell Henderson Jr. LAR,Darrell Henderson Jr.,LAR, RB,8,0.04,2021,0.02
Jack,94,Brandin Cooks Hou,Brandin Cooks,Hou, WR,2,0.01,2021,0.01
Jack,127,Phillip Lindsay Mia,Phillip Lindsay,Mia, RB,1,0.01,2021,0.01
Jack,136,Cole Beasley Buf,Cole Beasley,Buf, WR,1,0.01,2021,0.01
Jack,157,Jalen Reagor Phi,Jalen Reagor,Phi, WR,1,0.01,2021,0.01
Jack,162,Zach Wilson NYJ,Zach Wilson,NYJ, QB,1,0.01,2021,0.02
Jack,166,James White NE,James White,NE, RB,1,0.01,2021,0.01
James,21,Nico Collins Hou,Nico Collins,Hou, WR,36,0.18,2025,0.13
James,29,Bucky Irving TB,Bucky Irving,TB, RB,39,0.20,2025,0.02
James,46,Davante Adams LAR,Davante Adams,LAR, WR,6,0.03,2025,0.07
James,48,Bo Nix Den,Bo Nix,Den, QB,28,0.14,2025,0.03
James,50,Breece Hall NYJ,Breece Hall,NYJ, RB,10,0.05,2025,0.32
James,61,Kenneth Walker III Sea,Kenneth Walker III,Sea, RB,25,0.13,2025,0.10
James,68,Rashee Rice KC,Rashee Rice,KC, WR,8,0.04,2025,0.06
James,70,Jerry Jeudy Cle,Jerry Jeudy,Cle, WR,4,0.02,2025,0.01
James,72,Tyler Warren Ind,Tyler Warren,Ind, TE,5,0.03,2025,0.03
James,77,Jared Goff Det,Jared Goff,Det, QB,10,0.05,2025,0.09
James,80,Justin Herbert LAC,Justin Herbert,LAC, QB,14,0.07,2025,0.16
James,92,Joe Mixon Hou,Joe Mixon,Hou, RB,3,0.02,2025,0.11
James,102,Evan Engram Den,Evan Engram,Den, TE,5,0.03,2025,0.05
James,110,Kaleb Johnson Pit,Kaleb Johnson,Pit, RB,2,0.01,2025,0.01
James,134,Sam Darnold Sea,Sam Darnold,Sea, QB,2,0.01,2025,0.01
James,26,Marvin Harrison Jr. Ari,Marvin Harrison Jr.,Ari, WR,30,0.15,2024,0.13
James,27,Malik Nabers NYG,Malik Nabers,NYG, WR,18,0.09,2024,0.07
James,31,Alvin Kamara NO,Alvin Kamara,NO, RB,17,0.09,2024,0.09
James,32,Mike Evans TB,Mike Evans,TB, WR,26,0.13,2024,0.10
James,43,Dalton Kincaid Buf,Dalton Kincaid,Buf, TE,13,0.07,2024,0.07
James,46,Kenneth Walker III Sea,Kenneth Walker III,Sea, RB,17,0.09,2024,0.09
James,55,C.J. Stroud Hou,C.J. Stroud,Hou, QB,28,0.14,2024,0.20
James,62,Tank Dell Hou,Tank Dell,Hou, WR,6,0.03,2024,0.04
James,79,Austin Ekeler Wsh,Austin Ekeler,Wsh, RB,1,0.01,2024,0.02
James,83,Caleb Williams Chi,Caleb Williams,Chi, QB,14,0.07,2024,0.08
James,89,Nick Chubb Cle,Nick Chubb,Cle, RB,1,0.01,2024,0.01
James,98,Keenan Allen Chi,Keenan Allen,Chi, WR,2,0.01,2024,0.04
James,107,Kirk Cousins Atl,Kirk Cousins,Atl, QB,8,0.04,2024,0.07
James,109,Jonathon Brooks Car,Jonathon Brooks,Car, RB,3,0.02,2024,0.05
James,117,Deshaun Watson Cle,Deshaun Watson,Cle, QB,5,0.03,2024,0.04
James,7,Saquon Barkley Phi,Saquon Barkley,Phi, RB,46,0.23,2023,0.18
James,34,Trevor Lawrence Jax,Trevor Lawrence,Jax, QB,28,0.14,2023,0.16
James,41,Deebo Samuel SF,Deebo Samuel,SF, WR,19,0.10,2023,0.07
James,43,Jonathan Taylor Ind,Jonathan Taylor,Ind, RB,8,0.04,2023,0.13
James,44,Justin Fields Pit,Justin Fields,Pit, QB,24,0.12,2023,0.15
James,46,T.J. Hockenson Min,T.J. Hockenson,Min, TE,11,0.06,2023,0.08
James,47,Keenan Allen Chi,Keenan Allen,Chi, WR,9,0.05,2023,0.07
James,61,Alvin Kamara NO,Alvin Kamara,NO, RB,11,0.06,2023,0.06
James,66,Miles Sanders Car,Miles Sanders,Car, RB,5,0.03,2023,0.07
James,78,Isiah Pacheco KC,Isiah Pacheco,KC, RB,5,0.03,2023,0.05
James,82,Tyler Lockett Sea,Tyler Lockett,Sea, WR,4,0.02,2023,0.04
James,83,J.K. Dobbins Bal,J.K. Dobbins,Bal, RB,7,0.04,2023,0.06
James,86,D'Andre Swift Chi,D'Andre Swift,Chi, RB,3,0.02,2023,0.05
James,88,Michael Pittman Jr. Ind,Michael Pittman Jr.,Ind, WR,1,0.01,2023,0.04
James,95,Geno Smith Sea,Geno Smith,Sea, QB,6,0.03,2023,0.07
James,18,Deebo Samuel SF,Deebo Samuel,SF, WR,29,0.15,2022,0.14
James,20,D'Andre Swift Det,D'Andre Swift,Det, RB,47,0.24,2022,0.22
James,21,Alvin Kamara NO,Alvin Kamara,NO, RB,35,0.18,2022,0.18
James,47,Mike Williams LAC,Mike Williams,LAC, WR,18,0.09,2022,0.08
James,61,Joe Burrow Cin,Joe Burrow,Cin, QB,17,0.09,2022,0.15
James,67,Darren Waller NYG,Darren Waller,NYG, TE,7,0.04,2022,0.08
James,69,Adam Thielen FA,Adam Thielen,FA, WR,5,0.03,2022,0.04
James,70,Matthew Stafford LAR,Matthew Stafford,LAR, QB,10,0.05,2022,0.10
James,75,Clyde Edwards-Helaire KC,Clyde Edwards-Helaire,KC, RB,10,0.05,2022,0.07
James,87,Kareem Hunt Cle,Kareem Hunt,Cle, RB,3,0.02,2022,0.05
James,96,Dallas Goedert Phi,Dallas Goedert,Phi, TE,3,0.02,2022,0.06
James,106,DeAndre Hopkins Ari,DeAndre Hopkins,Ari, WR,3,0.02,2022,0.05
James,108,Chase Edmonds TB,Chase Edmonds,TB, RB,2,0.01,2022,0.04
James,113,Tyler Lockett Sea,Tyler Lockett,Sea, WR,2,0.01,2022,0.04
James,114,Baker Mayfield TB,Baker Mayfield,TB, QB,5,0.03,2022,0.05
James,6,Saquon Barkley NYG,Saquon Barkley,NYG, RB,35,0.18,2021,0.17
James,30,DeAndre Hopkins Ari,DeAndre Hopkins,Ari, WR,27,0.14,2021,0.13
James,46,Julio Jones Ten,Julio Jones,Ten, WR,7,0.04,2021,0.06
James,49,Adam Thielen Min,Adam Thielen,Min, WR,10,0.05,2021,0.05
James,58,Mark Andrews Bal,Mark Andrews,Bal, TE,10,0.05,2021,0.05
James,59,Dak Prescott Dal,Dak Prescott,Dal, QB,23,0.12,2021,0.14
James,69,Josh Jacobs LV,Josh Jacobs,LV, RB,17,0.09,2021,0.07
James,72,Jerry Jeudy Den,Jerry Jeudy,Den, WR,7,0.04,2021,0.04
James,74,Joe Burrow Cin,Joe Burrow,Cin, QB,11,0.06,2021,0.07
James,75,Mike Davis Atl,Mike Davis,Atl, RB,12,0.06,2021,0.01
James,76,Myles Gaskin Mia,Myles Gaskin,Mia, RB,11,0.06,2021,0.06
James,83,Justin Fields Chi,Justin Fields,Chi, QB,5,0.03,2021,0.02
James,87,JuJu Smith-Schuster Pit,JuJu Smith-Schuster,Pit, WR,5,0.03,2021,0.03
James,89,Raheem Mostert SF,Raheem Mostert,SF, RB,9,0.05,2021,0.05
James,96,DeVonta Smith Phi,DeVonta Smith,Phi, WR,8,0.04,2021,0.03
Joey,6,Puka Nacua LAR,Puka Nacua,LAR, WR,36,0.18,2025,0.16
Joey,9,Jacory Croskey-Merritt Wsh,Jacory Croskey-Merritt,Wsh, RB,7,0.04,2025,0.13
Joey,12,De'Von Achane Mia,De'Von Achane,Mia, RB,37,0.19,2025,0.18
Joey,16,Malik Nabers NYG,Malik Nabers,NYG, WR,38,0.19,2025,0.15
Joey,19,Brock Bowers LV,Brock Bowers,LV, TE,27,0.14,2025,0.01
Joey,41,Baker Mayfield TB,Baker Mayfield,TB, QB,18,0.09,2025,0.07
Joey,52,Kyler Murray Ari,Kyler Murray,Ari, QB,12,0.06,2025,0.14
Joey,54,D'Andre Swift Chi,D'Andre Swift,Chi, RB,10,0.05,2025,0.07
Joey,99,Ricky Pearsall SF,Ricky Pearsall,SF, WR,2,0.01,2025,0.01
Joey,120,Deebo Samuel Wsh,Deebo Samuel,Wsh, WR,2,0.01,2025,0.09
Joey,137,Colston Loveland Chi,Colston Loveland,Chi, TE,2,0.01,2025,0.01
Joey,140,Tank Bigsby Phi,Tank Bigsby,Phi, RB,1,0.01,2025,0.01
Joey,146,Aaron Rodgers Pit,Aaron Rodgers,Pit, QB,3,0.02,2025,0.04
Joey,152,Jaxson Dart NYG,Jaxson Dart,NYG, QB,1,0.01,2025,0.01
Joey,163,Kyle Pitts Sr. Atl,Kyle Pitts Sr.,Atl, TE,1,0.01,2025,0.12
Joey,15,Puka Nacua LAR,Puka Nacua,LAR, WR,38,0.19,2024,0.15
Joey,18,Kyren Williams LAR,Kyren Williams,LAR, RB,35,0.18,2024,0.20
Joey,28,Travis Etienne Jr. Jax,Travis Etienne Jr.,Jax, RB,31,0.16,2024,0.01
Joey,45,De'Von Achane Mia,De'Von Achane,Mia, RB,24,0.12,2024,0.13
Joey,53,Trey McBride Ari,Trey McBride,Ari, TE,15,0.08,2024,0.07
Joey,54,Jordan Love GB,Jordan Love,GB, QB,21,0.11,2024,0.13
Joey,69,Brian Robinson Jr. Wsh,Brian Robinson Jr.,Wsh, RB,10,0.05,2024,0.04
Joey,70,Stefon Diggs Hou,Stefon Diggs,Hou, WR,12,0.06,2024,0.08
Joey,111,Christian Watson GB,Christian Watson,GB, WR,2,0.01,2024,0.03
Joey,112,Joshua Palmer Buf,Joshua Palmer,Buf, WR,1,0.01,2024,0.01
Joey,120,David Njoku Cle,David Njoku,Cle, TE,2,0.01,2024,0.04
Joey,132,Derek Carr NO,Derek Carr,NO, QB,1,0.01,2024,0.01
Joey,157,Drake Maye NE,Drake Maye,NE, QB,1,0.01,2024,0.02
Joey,162,Gardner Minshew KC,Gardner Minshew,KC, QB,1,0.01,2024,0.01
Joey,5,Bijan Robinson Atl,Bijan Robinson,Atl, RB,45,0.23,2023,0.20
Joey,16,Cooper Kupp LAR,Cooper Kupp,LAR, WR,26,0.13,2023,0.19
Joey,21,Amon-Ra St. Brown Det,Amon-Ra St. Brown,Det, WR,42,0.21,2023,0.13
Joey,37,Aaron Jones Min,Aaron Jones,Min, RB,29,0.15,2023,0.09
Joey,52,Amari Cooper Cle,Amari Cooper,Cle, WR,7,0.04,2023,0.07
Joey,56,Terry McLaurin Wsh,Terry McLaurin,Wsh, WR,8,0.04,2023,0.04
Joey,59,Deshaun Watson Cle,Deshaun Watson,Cle, QB,16,0.08,2023,0.12
Joey,63,George Kittle SF,George Kittle,SF, TE,8,0.04,2023,0.07
Joey,96,Jordan Addison Min,Jordan Addison,Min, WR,2,0.01,2023,0.02
Joey,97,Daniel Jones NYG,Daniel Jones,NYG, QB,6,0.03,2023,0.07
Joey,100,Russell Wilson Pit,Russell Wilson,Pit, QB,4,0.02,2023,0.05
Joey,102,Dalvin Cook Bal,Dalvin Cook,Bal, RB,1,0.01,2023,0.05
Joey,111,Antonio Gibson NE,Antonio Gibson,NE, RB,1,0.01,2023,0.03
Joey,129,Logan Thomas Wsh,Logan Thomas,Wsh, TE,1,0.01,2023,0.01
Joey,139,Tyler Higbee LAR,Tyler Higbee,LAR, TE,2,0.01,2023,0.01
Joey,8,Ja'Marr Chase Cin,Ja'Marr Chase,Cin, WR,39,0.20,2022,0.18
Joey,11,Davante Adams LV,Davante Adams,LV, WR,34,0.17,2022,0.17
Joey,19,Justin Herbert LAC,Justin Herbert,LAC, QB,50,0.25,2022,0.20
Joey,36,A.J. Brown Phi,A.J. Brown,Phi, WR,16,0.08,2022,0.11
Joey,40,Cam Akers LAR,Cam Akers,LAR, RB,23,0.12,2022,0.11
Joey,50,Aaron Rodgers GB,Aaron Rodgers,GB, QB,14,0.07,2022,0.10
Joey,89,Damien Harris Buf,Damien Harris,Buf, RB,4,0.02,2022,0.06
Joey,92,DeVonta Smith Phi,DeVonta Smith,Phi, WR,2,0.01,2022,0.05
Joey,107,Cordarrelle Patterson Atl,Cordarrelle Patterson,Atl, RB,3,0.02,2022,0.04
Joey,117,Zach Ertz Ari,Zach Ertz,Ari, TE,1,0.01,2022,0.04
Joey,120,Carson Wentz FA,Carson Wentz,FA, QB,2,0.01,2022,0.02
Joey,124,Hunter Henry NE,Hunter Henry,NE, TE,2,0.01,2022,0.02
Joey,126,Brian Robinson Jr. Wsh,Brian Robinson Jr.,Wsh, RB,3,0.02,2022,0.06
Joey,135,Logan Thomas Wsh,Logan Thomas,Wsh, TE,1,0.01,2022,0.01
Joey,151,Kenny Pickett Pit,Kenny Pickett,Pit, QB,1,0.01,2022,0.01
Joey,8,Travis Kelce KC,Travis Kelce,KC, TE,38,0.19,2021,0.15
Joey,12,Antonio Gibson Wsh,Antonio Gibson,Wsh, RB,30,0.15,2021,0.01
Joey,14,Nick Chubb Cle,Nick Chubb,Cle, RB,40,0.20,2021,0.18
Joey,15,Cooper Kupp LAR,Cooper Kupp,LAR, WR,14,0.07,2021,0.06
Joey,19,Terry McLaurin Wsh,Terry McLaurin,Wsh, WR,21,0.11,2021,0.07
Joey,20,Tyreek Hill KC,Tyreek Hill,KC, WR,36,0.18,2021,0.17
Joey,80,Kenyan Drake LV,Kenyan Drake,LV, RB,1,0.01,2021,0.01
Joey,86,Logan Thomas Wsh,Logan Thomas,Wsh, TE,2,0.01,2021,0.03
Joey,100,Sony Michel LAR,Sony Michel,LAR, RB,1,0.01,2021,0.01
Joey,122,Marquez Callaway NO,Marquez Callaway,NO, WR,3,0.02,2021,0.01
Joey,129,Derek Carr LV,Derek Carr,LV, QB,1,0.01,2021,0.01
Joey,137,Daniel Jones NYG,Daniel Jones,NYG, QB,1,0.01,2021,0.02
Joey,144,Curtis Samuel Wsh,Curtis Samuel,Wsh, WR,2,0.01,2021,0.01
Joey,145,Cam Newton Car,Cam Newton,Car, QB,1,0.01,2021,0.10
Joey,152,Mac Jones NE,Mac Jones,NE, QB,1,0.01,2021,0.02
Louis,3,Jahmyr Gibbs Det,Jahmyr Gibbs,Det, RB,55,0.28,2025,0.21
Louis,11,James Cook III Buf,James Cook III,Buf, RB,24,0.12,2025,0.01
Louis,32,Tee Higgins Cin,Tee Higgins,Cin, WR,19,0.10,2025,0.07
Louis,38,Terry McLaurin Wsh,Terry McLaurin,Wsh, WR,13,0.07,2025,0.05
Louis,39,Alvin Kamara NO,Alvin Kamara,NO, RB,10,0.05,2025,0.10
Louis,56,Xavier Worthy KC,Xavier Worthy,KC, WR,10,0.05,2025,0.04
Louis,64,Travis Kelce KC,Travis Kelce,KC, TE,3,0.02,2025,0.07
Louis,69,Courtland Sutton Den,Courtland Sutton,Den, WR,8,0.04,2025,0.02
Louis,71,Brock Purdy SF,Brock Purdy,SF, QB,12,0.06,2025,0.12
Louis,75,Matthew Golden GB,Matthew Golden,GB, WR,3,0.02,2025,0.03
Louis,81,Drake Maye NE,Drake Maye,NE, QB,10,0.05,2025,0.03
Louis,82,Aaron Jones Sr. Min,Aaron Jones Sr.,Min, RB,4,0.02,2025,0.01
Louis,89,Braelon Allen NYJ,Braelon Allen,NYJ, RB,2,0.01,2025,0.04
Louis,91,C.J. Stroud Hou,C.J. Stroud,Hou, QB,11,0.06,2025,0.21
Louis,101,David Njoku Cle,David Njoku,Cle, TE,4,0.02,2025,0.04
Louis,5,Tyreek Hill Mia,Tyreek Hill,Mia, WR,49,0.25,2024,0.23
Louis,8,Amon-Ra St. Brown Det,Amon-Ra St. Brown,Det, WR,45,0.23,2024,0.20
Louis,9,Ja'Marr Chase Cin,Ja'Marr Chase,Cin, WR,42,0.21,2024,0.19
Louis,38,Javonte Williams Dal,Javonte Williams,Dal, RB,7,0.04,2024,0.04
Louis,48,Zamir White LV,Zamir White,LV, RB,10,0.05,2024,0.06
Louis,68,Tyjae Spears Ten,Tyjae Spears,Ten, RB,4,0.02,2024,0.03
Louis,78,Brock Purdy SF,Brock Purdy,SF, QB,12,0.06,2024,0.11
Louis,80,Jake Ferguson Dal,Jake Ferguson,Dal, TE,4,0.02,2024,0.05
Louis,85,Xavier Worthy KC,Xavier Worthy,KC, WR,2,0.01,2024,0.03
Louis,90,Pat Freiermuth Pit,Pat Freiermuth,Pit, TE,2,0.01,2024,0.02
Louis,91,Tony Pollard Ten,Tony Pollard,Ten, RB,3,0.02,2024,0.04
Louis,93,Matthew Stafford LAR,Matthew Stafford,LAR, QB,14,0.07,2024,0.05
Louis,108,Jaylen Warren Pit,Jaylen Warren,Pit, RB,1,0.01,2024,0.03
Louis,118,Jordan Addison Min,Jordan Addison,Min, WR,1,0.01,2024,0.03
Louis,138,Hollywood Brown KC,Hollywood Brown,KC, WR,1,0.01,2024,0.03
Louis,2,Ja'Marr Chase Cin,Ja'Marr Chase,Cin, WR,48,0.24,2023,0.21
Louis,17,D.K. Metcalf Sea,D.K. Metcalf,Sea, WR,22,0.11,2023,0.07
Louis,25,Josh Jacobs GB,Josh Jacobs,GB, RB,41,0.21,2023,0.16
Louis,40,Aaron Rodgers NYJ,Aaron Rodgers,NYJ, QB,14,0.07,2023,0.06
Louis,45,Javonte Williams Den,Javonte Williams,Den, RB,12,0.06,2023,0.06
Louis,49,Chris Godwin TB,Chris Godwin,TB, WR,6,0.03,2023,0.05
Louis,54,Tua Tagovailoa Mia,Tua Tagovailoa,Mia, QB,18,0.09,2023,0.09
Louis,62,Alexander Mattison LV,Alexander Mattison,LV, RB,15,0.08,2023,0.08
Louis,69,DJ Moore Chi,DJ Moore,Chi, WR,11,0.06,2023,0.02
Louis,75,Pat Freiermuth Pit,Pat Freiermuth,Pit, TE,3,0.02,2023,0.03
Louis,84,Marquise Brown KC,Marquise Brown,KC, WR,3,0.02,2023,0.03
Louis,105,Brock Purdy SF,Brock Purdy,SF, QB,1,0.01,2023,0.03
Louis,108,George Pickens Pit,George Pickens,Pit, WR,2,0.01,2023,0.03
Louis,114,Skyy Moore KC,Skyy Moore,KC, WR,1,0.01,2023,0.02
Louis,132,Michael Thomas NO,Michael Thomas,NO, WR,1,0.01,2023,0.01
Louis,1,Cooper Kupp LAR,Cooper Kupp,LAR, WR,56,0.28,2022,0.21
Louis,17,Derrick Henry Ten,Derrick Henry,Ten, RB,51,0.26,2022,0.27
Louis,33,James Conner Ari,James Conner,Ari, RB,30,0.15,2022,0.14
Louis,54,Breece Hall NYJ,Breece Hall,NYJ, RB,8,0.04,2022,0.10
Louis,58,Darnell Mooney Chi,Darnell Mooney,Chi, WR,8,0.04,2022,0.06
Louis,60,Jerry Jeudy Den,Jerry Jeudy,Den, WR,7,0.04,2022,0.06
Louis,65,J.K. Dobbins Bal,J.K. Dobbins,Bal, RB,9,0.05,2022,0.08
Louis,81,Jameis Winston NO,Jameis Winston,NO, QB,6,0.03,2022,0.03
Louis,82,Kirk Cousins Min,Kirk Cousins,Min, QB,10,0.05,2022,0.07
Louis,83,Pat Freiermuth Pit,Pat Freiermuth,Pit, TE,1,0.01,2022,0.03
Louis,93,Christian Kirk Jax,Christian Kirk,Jax, WR,3,0.02,2022,0.04
Louis,95,T.J. Hockenson Min,T.J. Hockenson,Min, TE,2,0.01,2022,0.05
Louis,99,Matt Ryan FA,Matt Ryan,FA, QB,3,0.02,2022,0.04
Louis,132,Garrett Wilson NYJ,Garrett Wilson,NYJ, WR,1,0.01,2022,0.03
Louis,136,Chris Olave NO,Chris Olave,NO, WR,2,0.01,2022,0.03
Louis,2,Christian McCaffrey Car,Christian McCaffrey,Car, RB,60,0.30,2021,0.33
Louis,34,George Kittle SF,George Kittle,SF, TE,25,0.13,2021,0.09
Louis,35,Miles Sanders Phi,Miles Sanders,Phi, RB,13,0.07,2021,0.08
Louis,39,Odell Beckham Jr. LAR,Odell Beckham Jr.,LAR, WR,6,0.03,2021,0.02
Louis,42,Amari Cooper Dal,Amari Cooper,Dal, WR,17,0.09,2021,0.08
Louis,53,Jalen Hurts Phi,Jalen Hurts,Phi, QB,19,0.10,2021,0.07
Louis,54,Trevor Lawrence Jax,Trevor Lawrence,Jax, QB,16,0.08,2021,0.06
Louis,65,DJ Moore Car,DJ Moore,Car, WR,3,0.02,2021,0.01
Louis,68,Tee Higgins Cin,Tee Higgins,Cin, WR,7,0.04,2021,0.05
Louis,73,Javonte Williams Den,Javonte Williams,Den, RB,2,0.01,2021,0.05
Louis,77,Melvin Gordon III Den,Melvin Gordon III,Den, RB,4,0.02,2021,0.01
Louis,91,Courtland Sutton Den,Courtland Sutton,Den, WR,2,0.01,2021,0.03
Louis,95,Matt Ryan Atl,Matt Ryan,Atl, QB,5,0.03,2021,0.05
Louis,105,Tyler Higbee LAR,Tyler Higbee,LAR, TE,1,0.01,2021,0.01
Louis,115,Marquise Brown Bal,Marquise Brown,Bal, WR,3,0.02,2021,0.01
Zach,7,Jayden Daniels Wsh,Jayden Daniels,Wsh, QB,38,0.19,2025,0.18
Zach,20,Drake London Atl,Drake London,Atl, WR,34,0.17,2025,0.12
Zach,33,Jonathan Taylor Ind,Jonathan Taylor,Ind, RB,28,0.14,2025,0.22
Zach,36,Jalen Hurts Phi,Jalen Hurts,Phi, QB,44,0.22,2025,0.22
Zach,49,Mike Evans TB,Mike Evans,TB, WR,11,0.06,2025,0.08
Zach,60,Zay Flowers Bal,Zay Flowers,Bal, WR,6,0.03,2025,0.06
Zach,74,Calvin Ridley Ten,Calvin Ridley,Ten, WR,6,0.03,2025,0.04
Zach,78,Isiah Pacheco KC,Isiah Pacheco,KC, RB,9,0.05,2025,0.13
Zach,85,David Montgomery Hou,David Montgomery,Hou, RB,8,0.04,2025,0.08
Zach,96,Mark Andrews Bal,Mark Andrews,Bal, TE,3,0.02,2025,0.01
Zach,97,Zach Charbonnet Sea,Zach Charbonnet,Sea, RB,2,0.01,2025,0.01
Zach,106,Rome Odunze Chi,Rome Odunze,Chi, WR,5,0.03,2025,0.04
Zach,125,Keon Coleman Buf,Keon Coleman,Buf, WR,1,0.01,2025,0.03
Zach,133,Travis Etienne Jr. Jax,Travis Etienne Jr.,Jax, RB,2,0.01,2025,0.01
Zach,141,Daniel Jones Ind,Daniel Jones,Ind, QB,1,0.01,2025,0.02
Zach,14,Patrick Mahomes KC,Patrick Mahomes,KC, QB,43,0.22,2024,0.26
Zach,22,Davante Adams LAR,Davante Adams,LAR, WR,20,0.10,2024,0.09
Zach,29,Derrick Henry Bal,Derrick Henry,Bal, RB,33,0.17,2024,0.15
Zach,41,DJ Moore Chi,DJ Moore,Chi, WR,14,0.07,2024,0.08
Zach,47,Cooper Kupp Sea,Cooper Kupp,Sea, WR,18,0.09,2024,0.07
Zach,59,Dak Prescott Dal,Dak Prescott,Dal, QB,20,0.10,2024,0.13
Zach,60,Josh Jacobs GB,Josh Jacobs,GB, RB,23,0.12,2024,0.11
Zach,64,Tee Higgins Cin,Tee Higgins,Cin, WR,8,0.04,2024,0.06
Zach,84,Terry McLaurin Wsh,Terry McLaurin,Wsh, WR,5,0.03,2024,0.05
Zach,86,George Kittle SF,George Kittle,SF, TE,7,0.04,2024,0.06
Zach,100,Christian Kirk Hou,Christian Kirk,Hou, WR,3,0.02,2024,0.04
Zach,126,Trey Benson Ari,Trey Benson,Ari, RB,1,0.01,2024,0.02
Zach,136,MarShawn Lloyd GB,MarShawn Lloyd,GB, RB,1,0.01,2024,0.11
Zach,145,Bryce Young Car,Bryce Young,Car, QB,1,0.01,2024,0.03
Zach,159,Gus Edwards FA,Gus Edwards,FA, RB,1,0.01,2024,0.03
Zach,10,Travis Kelce KC,Travis Kelce,KC, TE,48,0.24,2023,0.17
Zach,24,Lamar Jackson Bal,Lamar Jackson,Bal, QB,52,0.26,2023,0.22
Zach,30,Travis Etienne Jr. Jax,Travis Etienne Jr.,Jax, RB,39,0.20,2023,0.01
Zach,38,Calvin Ridley Ten,Calvin Ridley,Ten, WR,23,0.12,2023,0.07
Zach,58,James Conner Ari,James Conner,Ari, RB,5,0.03,2023,0.07
Zach,64,Jared Goff Det,Jared Goff,Det, QB,5,0.03,2023,0.06
Zach,70,Brandon Aiyuk SF,Brandon Aiyuk,SF, WR,7,0.04,2023,0.04
Zach,72,Cam Akers Min,Cam Akers,Min, RB,9,0.05,2023,0.07
Zach,76,Jahan Dotson Wsh,Jahan Dotson,Wsh, WR,4,0.02,2023,0.03
Zach,94,Drake London Atl,Drake London,Atl, WR,1,0.01,2023,0.05
Zach,113,Courtland Sutton Den,Courtland Sutton,Den, WR,1,0.01,2023,0.02
Zach,131,Cole Kmet Chi,Cole Kmet,Chi, TE,1,0.01,2023,0.02
Zach,148,Rashaad Penny Phi,Rashaad Penny,Phi, RB,1,0.01,2023,0.04
Zach,156,Darnell Mooney Atl,Darnell Mooney,Atl, WR,1,0.01,2023,0.01
Zach,161,Michael Gallup Dal,Michael Gallup,Dal, WR,1,0.01,2023,0.01
Mike,15,Christian McCaffrey SF,Christian McCaffrey,SF, RB,45,0.23,2025,0.25
Mike,28,Chase Brown Cin,Chase Brown,Cin, RB,41,0.21,2025,0.02
Mike,37,George Kittle SF,George Kittle,SF, TE,22,0.11,2025,0.06
Mike,43,Garrett Wilson NYJ,Garrett Wilson,NYJ, WR,17,0.09,2025,0.17
Mike,44,James Conner Ari,James Conner,Ari, RB,10,0.05,2025,0.08
Mike,58,Dak Prescott Dal,Dak Prescott,Dal, QB,18,0.09,2025,0.11
Mike,62,Justin Fields NYJ,Justin Fields,NYJ, QB,17,0.09,2025,0.01
Mike,76,George Pickens Dal,George Pickens,Dal, WR,18,0.09,2025,0.06
Mike,128,Josh Downs Ind,Josh Downs,Ind, WR,1,0.01,2025,0.01
Mike,130,Cam Ward Ten,Cam Ward,Ten, QB,2,0.01,2025,0.01
Mike,136,Jake Ferguson Dal,Jake Ferguson,Dal, TE,1,0.01,2025,0.05
Mike,143,Brian Robinson Jr. SF,Brian Robinson Jr.,SF, RB,1,0.01,2025,0.06
Mike,148,Khalil Shakir Buf,Khalil Shakir,Buf, WR,2,0.01,2025,0.02
Mike,151,Michael Pittman Jr. Ind,Michael Pittman Jr.,Ind, WR,2,0.01,2025,0.09
Mike,155,Tyler Allgeier Atl,Tyler Allgeier,Atl, RB,1,0.01,2025,0.01
Mike,10,Saquon Barkley Phi,Saquon Barkley,Phi, RB,45,0.23,2024,0.22
Mike,13,Garrett Wilson NYJ,Garrett Wilson,NYJ, WR,41,0.21,2024,0.14
Mike,21,Isiah Pacheco KC,Isiah Pacheco,KC, RB,33,0.17,2024,0.14
Mike,30,Drake London Atl,Drake London,Atl, WR,29,0.15,2024,0.12
Mike,40,Joe Mixon Hou,Joe Mixon,Hou, RB,25,0.13,2024,0.10
Mike,71,Chris Godwin TB,Chris Godwin,TB, WR,2,0.01,2024,0.05
Mike,95,Jaxon Smith-Njigba Sea,Jaxon Smith-Njigba,Sea, WR,3,0.02,2024,0.03
Mike,96,Aaron Rodgers FA,Aaron Rodgers,FA, QB,6,0.03,2024,0.05
Mike,105,Chase Brown Cin,Chase Brown,Cin, RB,1,0.01,2024,0.01
Mike,115,Tyler Conklin NYJ,Tyler Conklin,NYJ, TE,1,0.01,2024,0.02
Mike,122,Baker Mayfield TB,Baker Mayfield,TB, QB,5,0.03,2024,0.05
Mike,125,T.J. Hockenson Min,T.J. Hockenson,Min, TE,1,0.01,2024,0.03
Mike,135,Blake Corum LAR,Blake Corum,LAR, RB,1,0.01,2024,0.02
Mike,144,Bo Nix Den,Bo Nix,Den, QB,3,0.02,2024,0.02
Mike,158,Jameson Williams Det,Jameson Williams,Det, WR,1,0.01,2024,0.02
Mike,1,Austin Ekeler Wsh,Austin Ekeler,Wsh, RB,51,0.26,2023,0.29
Mike,3,Patrick Mahomes KC,Patrick Mahomes,KC, QB,52,0.26,2023,0.26
Mike,13,Derrick Henry Bal,Derrick Henry,Bal, RB,40,0.20,2023,0.16
Mike,35,Justin Herbert LAC,Justin Herbert,LAC, QB,37,0.19,2023,0.18
Mike,77,Mike Williams NYJ,Mike Williams,NYJ, WR,3,0.02,2023,0.03
Mike,101,Zay Flowers Bal,Zay Flowers,Bal, WR,2,0.01,2023,0.02
Mike,104,Dallas Goedert Phi,Dallas Goedert,Phi, TE,4,0.02,2023,0.06
Mike,115,Elijah Moore Cle,Elijah Moore,Cle, WR,1,0.01,2023,0.01
Mike,124,Treylon Burks Ten,Treylon Burks,Ten, WR,1,0.01,2023,0.01
Mike,140,Odell Beckham Jr. FA,Odell Beckham Jr.,FA, WR,2,0.01,2023,0.01
Mike,142,Elijah Mitchell SF,Elijah Mitchell,SF, RB,1,0.01,2023,0.02
Mike,157,C.J. Stroud Hou,C.J. Stroud,Hou, QB,1,0.01,2023,0.04
Mike,162,Zach Charbonnet Sea,Zach Charbonnet,Sea, RB,1,0.01,2023,0.02
Mike,166,Kenneth Gainwell Phi,Kenneth Gainwell,Phi, RB,1,0.01,2023,0.01
Mike,170,Tyler Boyd Cin,Tyler Boyd,Cin, WR,1,0.01,2023,0.01
Mike,14,Dalvin Cook Min,Dalvin Cook,Min, RB,51,0.26,2022,0.26
Mike,26,Lamar Jackson Bal,Lamar Jackson,Bal, QB,53,0.27,2022,0.17
Mike,32,Kyle Pitts Atl,Kyle Pitts,Atl, TE,20,0.10,2022,0.10
Mike,43,Michael Pittman Jr. Ind,Michael Pittman Jr.,Ind, WR,26,0.13,2022,0.09
Mike,68,Dalton Schultz Hou,Dalton Schultz,Hou, TE,5,0.03,2022,0.06
Mike,71,Gabe Davis Buf,Gabe Davis,Buf, WR,6,0.03,2022,0.01
Mike,76,Miles Sanders Car,Miles Sanders,Car, RB,6,0.03,2022,0.07
Mike,77,Allen Robinson II LAR,Allen Robinson II,LAR, WR,12,0.06,2022,0.08
Mike,94,A.J. Dillon GB,A.J. Dillon,GB, RB,4,0.02,2022,0.06
Mike,98,Allen Lazard NYJ,Allen Lazard,NYJ, WR,5,0.03,2022,0.01
Mike,100,Justin Fields Chi,Justin Fields,Chi, QB,6,0.03,2022,0.05
Mike,144,Michael Carter NYJ,Michael Carter,NYJ, RB,1,0.01,2022,0.02
Mike,152,Deshaun Watson Cle,Deshaun Watson,Cle, QB,1,0.01,2022,0.01
Mike,162,Romeo Doubs GB,Romeo Doubs,GB, WR,1,0.01,2022,0.01
Mike,166,Skyy Moore KC,Skyy Moore,KC, WR,1,0.01,2022,0.01
Mike,10,Derrick Henry Ten,Derrick Henry,Ten, RB,53,0.27,2021,0.30
Mike,13,Najee Harris Pit,Najee Harris,Pit, RB,35,0.18,2021,0.13
Mike,17,Josh Allen Buf,Josh Allen,Buf, QB,54,0.27,2021,0.19
Mike,36,Stefon Diggs Buf,Stefon Diggs,Buf, WR,32,0.16,2021,0.13
Mike,64,Tua Tagovailoa Mia,Tua Tagovailoa,Mia, QB,6,0.03,2021,0.05
Mike,97,Chase Claypool Pit,Chase Claypool,Pit, WR,6,0.03,2021,0.04
Mike,108,Ja'Marr Chase Cin,Ja'Marr Chase,Cin, WR,2,0.01,2021,0.03
Mike,112,Jaylen Waddle Mia,Jaylen Waddle,Mia, WR,2,0.01,2021,0.02
Mike,113,Michael Pittman Jr. Ind,Michael Pittman Jr.,Ind, WR,2,0.01,2021,0.02
Mike,121,Hunter Henry NE,Hunter Henry,NE, TE,1,0.01,2021,0.02
Mike,130,Nyheim Hines Ind,Nyheim Hines,Ind, RB,1,0.01,2021,0.01
Mike,138,Jamaal Williams Det,Jamaal Williams,Det, RB,1,0.01,2021,0.02
Mike,159,Austin Hooper Cle,Austin Hooper,Cle, TE,1,0.01,2021,0.01
Mike,164,Elijah Moore NYJ,Elijah Moore,NYJ, WR,1,0.01,2021,0.01
Mike,169,Tyrell Williams FA,Tyrell Williams,FA, WR,1,0.01,2021,0.01
Tyler,4,Saquon Barkley Phi,Saquon Barkley,Phi, RB,50,0.25,2025,0.24
Tyler,13,Amon-Ra St. Brown Det,Amon-Ra St. Brown,Det, WR,36,0.18,2025,0.21
Tyler,22,Josh Jacobs GB,Josh Jacobs,GB, RB,29,0.15,2025,0.12
Tyler,34,Tyreek Hill FA,Tyreek Hill,FA, WR,17,0.09,2025,0.01
Tyler,45,Marvin Harrison Jr. Ari,Marvin Harrison Jr.,Ari, WR,11,0.06,2025,0.14
Tyler,51,Sam LaPorta Det,Sam LaPorta,Det, TE,5,0.03,2025,0.09
Tyler,67,Jordan Love GB,Jordan Love,GB, QB,16,0.08,2025,0.18
Tyler,83,Jaylen Warren Pit,Jaylen Warren,Pit, RB,3,0.02,2025,0.03
Tyler,90,Cooper Kupp Sea,Cooper Kupp,Sea, WR,2,0.01,2025,0.07
Tyler,95,Tyrone Tracy Jr. NYG,Tyrone Tracy Jr.,NYG, RB,4,0.02,2025,0.02
Tyler,100,Caleb Williams Chi,Caleb Williams,Chi, QB,11,0.06,2025,0.09
Tyler,103,Cam Skattebo NYG,Cam Skattebo,NYG, RB,1,0.01,2025,0.01
Tyler,104,Jakobi Meyers Jax,Jakobi Meyers,Jax, WR,2,0.01,2025,0.02
Tyler,112,Michael Penix Jr. Atl,Michael Penix Jr.,Atl, QB,3,0.02,2025,0.01
Tyler,113,Chris Olave NO,Chris Olave,NO, WR,1,0.01,2025,0.11
Tyler,2,Justin Jefferson Min,Justin Jefferson,Min, WR,48,0.24,2024,0.22
Tyler,11,Jonathan Taylor Ind,Jonathan Taylor,Ind, RB,41,0.21,2024,0.21
Tyler,19,Josh Allen Buf,Josh Allen,Buf, QB,56,0.28,2024,0.27
Tyler,44,Brandon Aiyuk SF,Brandon Aiyuk,SF, WR,14,0.07,2024,0.11
Tyler,49,Joe Burrow Cin,Joe Burrow,Cin, QB,23,0.12,2024,0.17
Tyler,61,Rhamondre Stevenson NE,Rhamondre Stevenson,NE, RB,7,0.04,2024,0.01
Tyler,110,Courtland Sutton Den,Courtland Sutton,Den, WR,1,0.01,2024,0.02
Tyler,130,Dallas Goedert Phi,Dallas Goedert,Phi, TE,1,0.01,2024,0.04
Tyler,139,Tyler Lockett FA,Tyler Lockett,FA, WR,1,0.01,2024,0.02
Tyler,148,DeAndre Hopkins Bal,DeAndre Hopkins,Bal, WR,1,0.01,2024,0.02
Tyler,155,Brock Bowers LV,Brock Bowers,LV, TE,1,0.01,2024,0.01
Tyler,160,Chuba Hubbard Car,Chuba Hubbard,Car, RB,1,0.01,2024,0.02
Tyler,164,Zach Charbonnet Sea,Zach Charbonnet,Sea, RB,1,0.01,2024,0.01
Tyler,167,Tyler Allgeier Atl,Tyler Allgeier,Atl, RB,1,0.01,2024,0.02
Tyler,168,Ty Chandler Min,Ty Chandler,Min, RB,1,0.01,2024,0.01
Tyler,9,Tony Pollard Ten,Tony Pollard,Ten, RB,40,0.20,2023,0.17
Tyler,20,Jalen Hurts Phi,Jalen Hurts,Phi, QB,49,0.25,2023,0.24
Tyler,27,Jaylen Waddle Mia,Jaylen Waddle,Mia, WR,30,0.15,2023,0.10
Tyler,33,Mark Andrews Bal,Mark Andrews,Bal, TE,24,0.12,2023,0.12
Tyler,39,Rhamondre Stevenson NE,Rhamondre Stevenson,NE, RB,27,0.14,2023,0.13
Tyler,48,Christian Watson GB,Christian Watson,GB, WR,8,0.04,2023,0.05
Tyler,55,DeAndre Hopkins Ten,DeAndre Hopkins,Ten, WR,4,0.02,2023,0.05
Tyler,79,Khalil Herbert Chi,Khalil Herbert,Chi, RB,5,0.03,2023,0.04
Tyler,89,Kirk Cousins Atl,Kirk Cousins,Atl, QB,5,0.03,2023,0.09
Tyler,117,JuJu Smith-Schuster NE,JuJu Smith-Schuster,NE, WR,1,0.01,2023,0.01
Tyler,135,Rondale Moore Atl,Rondale Moore,Atl, WR,1,0.01,2023,0.01
Tyler,152,Jerick McKinnon KC,Jerick McKinnon,KC, RB,1,0.01,2023,0.01
Tyler,159,Bryce Young Car,Bryce Young,Car, QB,1,0.01,2023,0.05
Tyler,164,Adam Thielen Car,Adam Thielen,Car, WR,1,0.01,2023,0.01
Tyler,168,Devin Singletary NYG,Devin Singletary,NYG, RB,1,0.01,2023,0.01
Tyler,9,Stefon Diggs Buf,Stefon Diggs,Buf, WR,32,0.16,2022,0.16
Tyler,10,Najee Harris Pit,Najee Harris,Pit, RB,36,0.18,2022,0.25
Tyler,22,Travis Kelce KC,Travis Kelce,KC, TE,28,0.14,2022,0.16
Tyler,28,Saquon Barkley NYG,Saquon Barkley,NYG, RB,34,0.17,2022,0.19
Tyler,30,CeeDee Lamb Dal,CeeDee Lamb,Dal, WR,39,0.20,2022,0.14
Tyler,66,Trevor Lawrence Jax,Trevor Lawrence,Jax, QB,10,0.05,2022,0.06
Tyler,80,Devin Singletary Hou,Devin Singletary,Hou, RB,5,0.03,2022,0.06
Tyler,86,Rashod Bateman Bal,Rashod Bateman,Bal, WR,4,0.02,2022,0.05
Tyler,115,Rhamondre Stevenson NE,Rhamondre Stevenson,NE, RB,3,0.02,2022,0.02
Tyler,127,Kenneth Walker III Sea,Kenneth Walker III,Sea, RB,2,0.01,2022,0.04
Tyler,138,Jared Goff Det,Jared Goff,Det, QB,1,0.01,2022,0.03
Tyler,146,Chase Claypool Chi,Chase Claypool,Chi, WR,1,0.01,2022,0.02
Tyler,154,Nyheim Hines Buf,Nyheim Hines,Buf, RB,1,0.01,2022,0.02
Tyler,167,Noah Fant Sea,Noah Fant,Sea, TE,1,0.01,2022,0.02
Tyler,169,Marquez Valdes-Scantling KC,Marquez Valdes-Scantling,KC, WR,1,0.01,2022,0.01
Tyler,11,Ezekiel Elliott Dal,Ezekiel Elliott,Dal, RB,50,0.25,2021,0.22
Tyler,16,D.K. Metcalf Sea,D.K. Metcalf,Sea, WR,27,0.14,2021,0.10
Tyler,18,Austin Ekeler LAC,Austin Ekeler,LAC, RB,37,0.19,2021,0.16
Tyler,27,Justin Herbert LAC,Justin Herbert,LAC, QB,29,0.15,2021,0.11
Tyler,44,Robert Tonyan GB,Robert Tonyan,GB, TE,5,0.03,2021,0.02
Tyler,55,Chris Godwin TB,Chris Godwin,TB, WR,14,0.07,2021,0.07
Tyler,67,Damien Harris NE,Damien Harris,NE, RB,5,0.03,2021,0.04
Tyler,82,Michael Thomas NO,Michael Thomas,NO, WR,2,0.01,2021,0.03
Tyler,84,Baker Mayfield Cle,Baker Mayfield,Cle, QB,9,0.05,2021,0.04
Tyler,104,Jameis Winston NO,Jameis Winston,NO, QB,5,0.03,2021,0.01
Tyler,107,Jarvis Landry Cle,Jarvis Landry,Cle, WR,2,0.01,2021,0.05
Tyler,114,James Conner Ari,James Conner,Ari, RB,3,0.02,2021,0.01
Tyler,124,Leonard Fournette TB,Leonard Fournette,TB, RB,1,0.01,2021,0.02
Tyler,134,DJ Chark Jr. Jax,DJ Chark Jr.,Jax, WR,2,0.01,2021,0.01
Tyler,140,Marvin Jones Jr. Jax,Marvin Jones Jr.,Jax, WR,2,0.01,2021,0.01
Zach,15,Tyreek Hill Mia,Tyreek Hill,Mia, WR,27,0.14,2022,0.13
Zach,24,Jalen Hurts Phi,Jalen Hurts,Phi, QB,22,0.11,2022,0.14
Zach,29,Tom Brady TB,Tom Brady,TB, QB,20,0.10,2022,0.11
Zach,31,Mark Andrews Bal,Mark Andrews,Bal, TE,27,0.14,2022,0.14
Zach,35,Aaron Jones GB,Aaron Jones,GB, RB,36,0.18,2022,0.18
Zach,49,Courtland Sutton Den,Courtland Sutton,Den, WR,16,0.08,2022,0.06
Zach,55,Ezekiel Elliott FA,Ezekiel Elliott,FA, RB,17,0.09,2022,0.12
Zach,64,Josh Jacobs LV,Josh Jacobs,LV, RB,9,0.05,2022,0.09
Zach,72,Hunter Renfrow LV,Hunter Renfrow,LV, WR,3,0.02,2022,0.04
Zach,74,Elijah Mitchell SF,Elijah Mitchell,SF, RB,10,0.05,2022,0.08
Zach,79,Michael Thomas NO,Michael Thomas,NO, WR,4,0.02,2022,0.04
Zach,109,Brandon Aiyuk SF,Brandon Aiyuk,SF, WR,1,0.01,2022,0.04
Zach,119,Ryan Tannehill Ten,Ryan Tannehill,Ten, QB,3,0.02,2022,0.04
Zach,128,Rashaad Penny Phi,Rashaad Penny,Phi, RB,2,0.01,2022,0.05
Zach,137,James Cook Buf,James Cook,Buf, RB,1,0.01,2022,0.01
Zach,9,Allen Robinson II Chi,Allen Robinson II,Chi, WR,14,0.07,2021,0.01
Zach,24,Lamar Jackson Bal,Lamar Jackson,Bal, QB,46,0.23,2021,0.14
Zach,33,A.J. Brown Ten,A.J. Brown,Ten, WR,20,0.10,2021,0.11
Zach,37,Clyde Edwards-Helaire KC,Clyde Edwards-Helaire,KC, RB,33,0.17,2021,0.10
Zach,45,Tom Brady TB,Tom Brady,TB, QB,30,0.15,2021,0.08
Zach,60,Gus Edwards Bal,Gus Edwards,Bal, RB,16,0.08,2021,0.02
Zach,71,Kyle Pitts Atl,Kyle Pitts,Atl, TE,9,0.05,2021,0.06
Zach,90,Ronald Jones II TB,Ronald Jones II,TB, RB,3,0.02,2021,0.01
Zach,110,Tyler Boyd Cin,Tyler Boyd,Cin, WR,3,0.02,2021,0.01
Zach,117,Deebo Samuel SF,Deebo Samuel,SF, WR,3,0.02,2021,0.03
Zach,120,Ben Roethlisberger Pit,Ben Roethlisberger,Pit, QB,7,0.04,2021,0.03
Zach,126,Zack Moss Buf,Zack Moss,Buf, RB,1,0.01,2021,0.02
Zach,135,Mike Williams LAC,Mike Williams,LAC, WR,1,0.01,2021,0.01
Zach,143,David Johnson Hou,David Johnson,Hou, RB,1,0.01,2021,0.01
Zach,150,Henry Ruggs III FA,Henry Ruggs III,FA, WR,1,0.01,2021,0.01